[
    {
        "productId":"1",
        "productName":"דוביס עם ויטמין C",
        "price":"45",
        "madeBy":"FLORIS",
        "imagePath":""
    },
    {
        "productId":"2",
        "productName":"דוביס מולטי ויטמין עם אבץ",
        "price":"65",
        "madeBy":"FLORIS",
        "imagePath":""
    },
    {
        "productId":"3",
        "productName":"ויטמין C",
        "price":"40",
        "madeBy":"FLORIS",
        "imagePath":""
    },
    {
        "productId":"4",
        "productName":"ויטמין C",
        "price":"37",
        "madeBy":"אלטמן",
        "imagePath":""
    },
    {
        "productId":"5",
        "productName":"ויטמין C",
        "price":"29",
        "madeBy":"הדס",
        "imagePath":""
    },
    {
        "productId":"6",
        "productName":"ברזל פלוס",
        "price":"49",
        "madeBy":"אלטמן",
        "imagePath":""
    },
    {
        "productId":"7",
        "productName":"חומצה פולית",
        "price":"89",
        "madeBy":"SUPHERB",
        "imagePath":""
    }
]